,title,tomatometer,audience_score,Genre,Created by,Starring,Composers,Country of origin,Original language,No. of seasons,No. of episodes,Executive producers,Cinematography,Editors,Running time,Production companies,Distributor,Original network,Picture format,Audio format,Original release,Running time (int),Final release,Theme music composer,Producer,Production location,Production locations,Based on,Developed by,Related shows,Narrated by,Opening theme,Production company,Preceded by,Producers,Composer,Editor,Camera setup,Written by,Directed by,Music by,Voices of,Ending theme,No. of series,Spanish,Original languages,Executive producer,Original work,Owned by,Toy(s),Web series,Creative directors,Followed by,Animator,Screenplay by,German,Japanese,Hangul,Hanja,Creative director,Budget,Portuguese,Turkish,Traditional,Simplified,Mandarin,Polish,Swedish,Produced by,Productioncompanies ,Distributed by,Release date,Country,Language,Edited by,Presented by,First shown in,Also known as,Judges,French,Chinese,Inspired by,Box office,Book(s),Film(s),Direct-to-video,Musical(s),Video game(s),Soundtrack(s),Original music,Theme park attraction(s),Candy brand,Confections,Revised Romanization
0,Ratched,62,68,"['Drama', 'Psychological thriller']",Evan Romansky,"['Sarah Paulson', 'Finn Wittrock', 'Cynthia Nixon', 'Jon Jon Briones', 'Charlie Carver', 'Judy Davis', 'Sharon Stone']",,United States,English,1.0,8,"['Aleen Keshishian', 'Margaret Riley', 'Jacob Epstein', 'Michael Douglas', 'Robert Mitas', 'Jennifer Salt', 'Sarah Paulson', 'Ian Brennan', 'Tim Minear', 'Alexis Martin Woodall', 'Ryan Murphy']","['Nelson Cragg', 'Blake McClure', 'Andrew Mitchell', 'Simon Dennis']","['Shelly Westerman', 'Peggy Tachdjian', 'Ravi Subramanian', 'Ken Ramos', 'Danielle Wang']",45–62 minutes,"['Further Films', 'Lighthouse Management + Media', 'Ryan Murphy Television', 'Touchstone Television (Season 1)', '20th Television (Season 2-onwards)']",Disney–ABC Domestic Television,Netflix,Widescreen,"Stereo, Dolby Digital 5.1","September 18, 2020 (2020-09-18) –present (present)",45,present,,,,,The character of Nurse Ratched from One Flew Over the Cuckoo's Nestby Ken KeseyFrom the Saul Zaentz Company motion picture with the same title,Ryan Murphy,,,"""Danse Macabre, Op. 40"" by Camille Saint-Saëns",,,"['Paul Zaentz', 'Todd Nenninger', 'Eric Kovtun', 'Lou Eyrich', 'Eryn Krueger Mekash', 'Sara Stelwagen', 'Tanase Popa']",Mac Quayle,,,,,,,,,,,,,,,,,,,,,,,,,,,,,,,,,,,,,,,,,,,,,,,,,,,,,,,,,,
1,Emily in Paris,63,58,"['Comedy-drama', 'Romantic comedy']",Darren Star,"['Lily Collins', 'Philippine Leroy-Beaulieu', 'Ashley Park', 'Lucas Bravo', 'Samuel Arnold', 'Bruno Gouery', 'Camille Razat']",,United States,,1.0,10,"['Andrew Fleming', 'Tony Hernandez', 'Lilly Burns', 'Darren Star']","['Steven Fierberg', 'Alexander Gruszynski']","['Alex Minnick', 'Laura Weinberg', 'Jesse Gordon', 'John Rafanelli']",24–34 minutes,"['Darren Star Productions', 'Jax Media', 'MTV Studios']",Netflix Streaming Services,Netflix,,,"October 2, 2020 (2020-10-02) –present (present)",24,present,James Newton Howard,,,"Île-de-France, France",,,,,,,,"['Stephen Joel Brown', 'Shihan Fey', 'Jake Fuller', 'Lily Collins', 'Raphaël Benoliel']",,,Single-camera,,,,,,,,"['English', 'French']",,,,,,,,,,,,,,,,,,,,,,,,,,,,,,,,,,,,,,,,,,,,,,,,
2,Locke & Key,66,68,"['Supernatural horror', 'Fantasy', 'Drama']",,"['Darby Stanchfield', 'Connor Jessup', 'Emilia Jones', 'Jackson Robert Scott', 'Petrice Jones', 'Laysla De Oliveira', 'Griffin Gluck']",,United States,English,1.0,10 ,"['Carlton Cuse', 'Meredith Averill', 'Lindsey Springer', 'Tim Southam', 'Michael Morris', 'Joe Hill', 'John Weber', 'Frank Siracusa', 'Aron Eli Coleite', 'Chris Ryall', 'Ted Adams', 'Lydia Antonini', 'Andy Muschietti', 'Barbara Muschietti', 'David Alpert', 'Rick Jacobs']","['Tico Poulakakis', 'Colin Hoult']","['Matthew V. Colonna', 'Lilly Urban', 'Paul Trejo', 'Andrew Behrens', 'Philip Fowler']",40–56 minutes,"['Genre Arts', 'Hard A Productions', 'Circle of Confusion', 'IDW Entertainment']",,Netflix,,,"February 7, 2020 (2020-02-07) –present (present)",40,present,,,,"['Toronto, Ontario', 'Lunenburg, Nova Scotia']",Locke & Keyby Joe Hill and Gabriel Rodriguez,"['Carlton Cuse', 'Meredith Averill', 'Aron Eli Coleite']",,,,,,"[""Ra'uf Glasgow"", 'Kevin Lafferty', 'Nishpeksh Mehra']",,,Single-camera,,,Torin Borrowdale,,,,,,,,,,,,,,,,,,,,,,,,,,,,,,,,,,,,,,,,,,,,,,,,,,,,,
3,Cursed,66,52,"['Fantasy', 'Serial drama', 'Adventure', 'Action']","['Frank Miller', 'Tom Wheeler']","['Katherine Langford', 'Devon Terrell', 'Gustaf Skarsgård', 'Daniel Sharman', 'Sebastian Armesto', 'Lily Newmark', 'Peter Mullan', 'Shalom Brune-Franklin', 'Bella Dayne', 'Matt Stokoe']",,United States,English,1.0,10,"['Frank Miller', 'Tom Wheeler']",,,48–59 minutes,"['Arcanum', 'Frank Miller Ink']",Netflix,Netflix,,Stereo,"July 17, 2020 (2020-07-17)",48,07,,Alex Boden,United Kingdom,,"['Frank Miller', 'Tom Wheeler']",,,,,,,,Jeff Russo,,,,,,,,,,,,,,,,,,,,,,,,,,,,,,,,,,,,,,,,,,,,,,,,,,,,,,,,,,
4,The Witcher,67,92,"['Fantasy', 'Serial drama', 'Adventure', 'Action']",Lauren Schmidt Hissrich,"['Henry Cavill', 'Freya Allan', 'Eamon Farren', 'Anya Chalotra', 'Joey Batey', 'MyAnna Buring', 'Royce Pierreson', 'Mimi Ndiweni', 'Wilson Radjou-Pujalte', 'Anna Shaffer', 'Mahesh Jadu']","['Sonya Belousova', 'Giona Ostinelli']","['United States', 'Poland']",English,1.0,8 ,"['Sean Daniel', 'Jason Brown', 'Tomasz Bagiński', 'Jarosław Sawko', 'Lauren Schmidt Hissrich', 'Alik Sakharov']","['Jean-Philippe Gossart', 'Gavin Struthers']","['Liana Del Giudice', 'Nick Arthurs', 'Jean-Daniel Fernandez-Qundez', 'Xavier Russell']",47–67 minutes,"['Sean Daniel Company', 'Stillking Films', 'Platige Image', 'One of Us', 'Cinesite']",Netflix,Netflix,"['4K (Ultra HD)', 'High dynamic range']",5.1 surround sound,"December 20, 2019 (2019-12-20) –present (present)",47,present,,,,,The Witcherby Andrzej Sapkowski,,,,,,,['Mike Ostrowski'],,,Single-camera,,,,,,,,,,,,,,,,,,,,,,,,,,,,,,,,,,,,,,,,,,,,,,,,,,,,,,,,
5,Disenchantment,67,72,"['Animated sitcom', 'Black comedy', 'Medieval fantasy']",Matt Groening,,,United States,English,2.0,30 ,"['Matt Groening', 'Josh Weinstein', 'Claudia Katz', 'Eric Horsted', 'Bill Oakley', 'Patric M. Verrone']",,,22–36 minutes,The ULULU CompanyRough Draft Studios,Netflix,Netflix,4K (Ultra HD),Stereo,"August 17, 2018 (2018-08-17) –present",22,present,,,,,,"['Matt Groening', 'Josh Weinstein']",,,,,,"['Reid Harrison', 'David X. Cohen', 'Deanna Maclellan', 'Lee Supercinski', 'Jeny Batten', 'M. Dickson', 'Rich Fulcher']",Mark Mothersbaugh,,,,,,"['Abbi Jacobson', 'Eric Andre', 'Nat Faxon', 'John DiMaggio', 'Tress MacNeille', 'Matt Berry', 'David Herman', 'Maurice LaMarche', 'Lucy Montgomery', 'Billy West', 'Noel Fielding', 'Sharon Horgan']",,,,,,,,,,,,,,,,,,,,,,,,,,,,,,,,,,,,,,,,,,,,,,,,,,,,
6,Fear City: New York vs The Mafia,68,64,"['Documentary', 'True crime']",,,,United States,English,1.0,3,"['Dimitri Doganis', 'Bart Layton', 'Adam Hawkins', 'Jon Liebman']",Tim Cragg,"['Julian Hart', 'Tom Parsons']",44–62 minutes,"['Raw Television', 'Brillstein Entertainment Partners']",Netflix,,,,"July 22, 2020 (2020-07-22)",44,07,,Bernadette Higgins,,,,,,,"""Hard Times"" by Baby Huey & the Babysitters",,,,,,,,Sam Hobkinson,Paul Moessl,,,,,,,,,,,,,,,,,,,,,,,,,,,,,,,,,,,,,,,,,,,,,,,,,,,,,
7,Warrior Nun,68,75,"['Fantasy', 'Drama', 'Supernatural', 'Occult detective', 'Superhero']",Simon Barry,"['Alba Baptista', 'Toya Turner', 'Thekla Reuten', 'Lorena Andrea', 'Kristina Tonteri-Young', 'Tristan Ulloa']",,United States,English,1.0,10 ,"['Simon Barry', 'Stephen Hegyes', 'Jet Wilkinson', 'Dean English', 'Robert Burke']",,,37–50 minutes,,Netflix,Netflix,"['4K (Ultra HD)', 'High dynamic range']",Dolby Digital 5.1,"July 2, 2020 (2020-07-02) –present (present)",37,present,,,Spain,,['Ben Dunn'],,,Alba Baptista,,Reality Distortion Field,,"['Zack Tucker Gangnes', 'Peter Welter Soler', 'Matt Bosack', 'Todd Giroux']",Jeff Russo,,Single-camera,,,,,,,,,,,,,,,,,,,,,,,,,,,,,,,,,,,,,,,,,,,,,,,,,,,,,,,,
8,The Liberator,69,70,,Jeb Stuart,,"['Mikolai Stroinski', 'Jason Todd Shannon', 'Benjamin Scott Holst']",United States,English,,4,"['Jeb Stuart', 'A+E Studios:', 'Barry Jossen', 'Unique Features:', 'Michael Lynne', 'Bob Shaye', 'Sarah Victor', ' Trioscope Studios:', 'L.C. Crowley', 'Grzegorz Jonkajtys', 'Brandon Barr', 'Mark Apen']",,,45–56 minutes,"['A&E Studios', 'Unique Features', 'Trioscope Studios (animation)']",,Netflix,4K (UHD) Widescreen,Stereo,"November 11, 2020 (2020-11-11)",45,11,,,,,The Liberator: One World War II Soldier’s 500-Day Odysseyby Alex Kershaw,,,Mike Rowe,"""July 10, 1943""by Jason Todd Shannon",,,"['Alex Kershaw', 'Łukasz Dzięcioł', 'Natalia Lacosta']",,Akın Özçelik,,Jeb Stuart,Greg Jonkajtys,,"['Bradley James', 'Jose Miguel Vasquez', 'Martin Sensmeier']",,,,,,,,,,,,,,,,,,,,,,,,,,,,,,,,,,,,,,,,,,,,,,,,,,,,
9,Love Is Blind,70,56,Reality,,,,United States,English,,11,"['Chris Coelen', 'Sam Dean', 'Ally Simpson', 'Eric Detwiler', 'Terrance Villarreal']",,,48–84 minutes,,,Netflix,16:9,,"February 13, 2020 (2020-02-13) –present (present)",48,present,,,,,,,,,,Kinetic Content,,,,,,,,,,,1.0,,,,,,,,,,,,,,,,,,,,,,,,,,,,,,,,"['Nick Lachey', 'Vanessa Lachey']",,,,,,,,,,,,,,,,,,
10,Bonding,71,67,"['Dark comedy', 'Comedy-drama', 'Sex comedy']",Rightor Doyle,"['Zoe Levin', 'Brendan Scannell', 'Micah Stock', 'Theo Stockman', ""D'Arcy Carden""]",,United States,English,2.0,15 ,"['Rightor Doyle', 'Dara Gordon', 'Jacob Perlin', 'Nina Soriano', 'Tom Schembri', 'David Sigurani']",,,13–17 minutes,"['Blackpills', 'Anonymous Content', 'Jax Media (season 2)', 'Rightor Doyle Productions (season 2)']",,Netflix,4K (16:9 UHDTV),Dolby Digital,"April 24, 2019 (2019-04-24) –present (present)",13,present,,,,,,,,,,,,,Adam Crystal,,Single-camera,,,,,,,,,,,,,,,,,,,,,,,,,,,,,,,,,,,,,,,,,,,,,,,,,,,,,,,,
11,Grand Army,71,78,Teen drama,Katie Cappiello,"[""Odessa A'zion"", 'Odley Jean', 'Amir Bageria', 'Maliq Johnson', 'Amalia Yoo', 'Alphonso Romero Jones, II', 'Thelonius Serrell-Freed', 'Anthony Ippolito', 'Brian Altemus']",,United States,English,1.0,9,"['Katie Cappiello', 'Nicolette Donen', 'Elizabeth Kling', 'Beau Willimon', 'Jordan Tappis', 'Joshua Donen']","['Ava Berkofsky', 'Bobby Shore', 'Autumn Eakin', 'Andrew Wehde']","['JoAnne Yarrow', 'Fabienne Bouville', 'Darrel Drinkard', 'Jon Otazua', 'Jessica Hernández']",47–72 minutes,,Netflix,Netflix,,,"October 16, 2020 (2020-10-16)",47,10,,Chris Hatcher,,,,,,,,Westward,,,,,,,,Morgan Kibby,,,,,,,,,,,,,,,,,,,,,,,,,,,,,,,,,,,,,,,,,,,,,,,,,,,,,
12,Outer Banks,71,86,"['Teen drama', 'Action-adventure', 'Mystery', 'Thriller']","['Josh Pate', 'Jonas Pate', 'Shannon Burke']","['Chase Stokes', 'Madelyn Cline', 'Madison Bailey', 'Jonathan Daviss', 'Rudy Pankow', 'Austin North', 'Charles Esten', 'Drew Starkey']",,United States,English,1.0,10,"['Josh Pate', 'Jonas Pate', 'Shannon Burke']","['J.B. Smith', 'Gonzalo Amat']","['Sunny Hodge', 'Christal Khatib', 'Jeffrey M. Werner', 'Kyle Bond', 'Scott Wallace', 'Blake Maniquis', 'John Peter Bernardo']",46–56 minutes,"['Rock Fish', 'Red Canoe Productions']",,Netflix,4K (16:9 UHDTV in HDR),Dolby Digital,"April 15, 2020 (2020-04-15) –present (present)",46,present,,,,,,,,Chase Stokes,,,,"['Aaron Miller', 'Sunny Hodge']",,,,,,Fil Eisler,,,,,,,,,,,,,,,,,,,,,,,,,,,,,,,,,,,,,,,,,,,,,,,,,,,,,
13,History of Swear Words,69,53,Documentary series,,,,United States,English,1.0,6,"['Brien Meagher', 'Rhett Bachner', 'Mike Farah', 'Joe Farrell', 'Beth Belew', 'Bellamie Blackstone']",,,20 minutes,B17 EntertainmentFunny or Die,Netflix,Netflix,14:9,Stereo,"January 5, 2021 (2021-01-05)",20,01,Adam Blau,Ben Stoddard,,,,,,,,,,,,,,"['Joel Boyd', 'Sara Schaefer']",,,,,,,,,,,,,,,,,,,,,,,,,,,,,,,,,,,,,Nicolas Cage,,,,,,,,,,,,,,,,,,
14,After Life,75,90,"['Black comedy', 'Comedy-drama']",Ricky Gervais,"['Ricky Gervais', 'Diane Morgan', 'Tom Basden', 'Tony Way', 'Mandeep Dhillon', 'Ashley Jensen', 'David Bradley', 'Kerry Godliman', 'Penelope Wilton', 'David Earl', 'Joe Wilkinson', 'Jo Hartley', 'Roisin Conaty', 'Paul Kaye']",,United Kingdom,,,12 ,"['Ricky Gervais', 'Duncan Hayes']",Martin Hawkins,,25–31 minutes,,,Netflix,4K (16:9 UHDTV in high dynamic range),Dolby Digital 5.1,8 March 2019 (2019-03-08) –present,25,present,,Charlie Hanson,,,,,,,,Derek Productions Limited,,,Andy Burrows,Jo Walker,Single-camera,Ricky Gervais,Ricky Gervais,,,,2.0,,,,,,,,,,,,,,,,,,,,,,,,,,,,,,,,,,,,,,,,,,,,,,,,,,
15,Lost in Space,75,80,"['Science fiction', 'Adventure', 'Family drama']",Irwin Allen,"['Molly Parker', 'Toby Stephens', 'Maxwell Jenkins', 'Taylor Russell', 'Mina Sundwall', 'Ignacio Serricchio', 'Parker Posey', 'Brian Steele']","['Christopher Lennertz', 'John Williams (original theme)']",United States,English,2.0,20 ,"['Neil Marshall', 'Zack Estrin', 'Kevin Burns', 'Jon Jashni', 'Matt Sazama', 'Burk Sharpless', 'Marc Helwig', 'Alex Graves']",Sam McCurdy,,39–65 minutes,"['Sazama Sharpless Productions', 'Applebox Entertainment', 'Synthesis Entertainment', 'Clickety-Clack Productions', 'Legendary Television']",Netflix,Netflix,4K (Ultra HD),,"April 13, 2018 (2018-04-13) –present (present)",39,present,,,,"Vancouver, British Columbia",1965 series of the same nameby Irwin AllenThe Swiss Family Robinson byJohann David Wyss,Matt SazamaBurk Sharpless,"['Lost in Space (1965 TV series)', 'Lost in Space (1998 film)']",,,,,,,,,,,,,,,,,,,,,,,,,,,,,,,,,,,,,,,,,,,,,,,,,,,,,,,,,,,,,,,,
16,High Score,76,45,Documentary,France Costrel,,,United States,,1.0,6,"['William Acks', 'Sam LaCroix', 'France Costrel', 'Melissa Wood', 'Courtney Coupe']",,,37-47 minutes,,,Netflix,,,"August 19, 2020 (2020-08-19)",37,08,Power Glove,,,,,,,Charles Martinet,,Great Big Story,,,,,,,"['William Acks, Sam LaCroix, France Costrel, Melissa Wood']",,,,,,,,,,,,,,,,,,,,,,,,,,,,,,,,,,,,,,,,,,,,,,,,,,,,,,
17,Unsolved Mysteries,77,69,"['Documentary', 'mystery', 'paranormal']","['John Cosgrove', 'Terry Dunn Meurer']",,,United States,English,15.0,593 ,"['John Cosgrove', 'Terry Dunn Meurer']",,,"['42 minutes (1987–2010)', '36–53 minutes (2020)']","['Cosgrove-Meurer Productions', '21 Laps Entertainment (2020)']","['Buena Vista Television (1987–2002)', 'HBO Distribution (2008–present)', 'FilmRise']","['NBC (1987–1997)', 'CBS (1997–1999)', 'Lifetime (2001–2002)', 'Spike (2008–2010)', 'Netflix (2020–present)']",NTSC (480i),,"January 20, 1987 (1987-01-20) –present (present)","['42 minutes (1987–2010)', '36–53 minutes (2020)']",present,,,,,,,,,,,,"['Raymond Bridgers', 'Stuart Schwartz', 'Jim Lindsay']",,,,,,,,,,,,,,,,,,,,,,,,,,,,,,,,,,,,,,,,,"['Raymond Burr', 'Karl Malden', 'Robert Stack', 'Virginia Madsen', 'Dennis Farina']",,,,,,,,,,,,,,,,,,
18,"Love, Death & Robots",77,91,Adult animationAnthologyScience fiction,Tim Miller,,,United States,English,1.0,18 ,"['Joshua Donen', 'David Fincher', 'Jennifer Miller', 'Tim Miller']",,,6–17 minutes,"['Blur Studio', 'Netflix Studios']",Netflix Streaming Services,Netflix,,,"March 15, 2019 (2019-03-15) –present (present)",6,present,,,,,"['Richard Corben', 'Angus McKie', ""Dan O'Bannon"", 'Thomas Warkentin', 'Bernie Wrightson']",,,,,,,,,,,,,,,,,,,,,,,,,,,,,,,,,,,,,,,,,,,,,,,,,,,,,,,,,,,,,,,,,,
19,House of Cards,77,76,"['Political drama', 'Political thriller']",Beau Willimon,"['Kevin Spacey', 'Robin Wright', 'Michael Kelly', '(See full cast below)']",,United States,English,6.0,73 ,"['David Fincher', 'Kevin Spacey', 'Eric Roth', 'Joshua Donen', 'Dana Brunetti', 'Andrew Davies', 'Michael Dobbs', 'John Melfi', 'Beau Willimon', 'David Manson', 'John David Coles', 'Robin Wright', 'Frank Pugliese', 'Melissa James Gibson']","['Eigil Bryld', 'Tim Ives', 'Igor Martinovic']",,43–59 minutes,"['MRC', 'Trigger Street Productions', 'Wade/Thomas Productions', 'Knight Takes King Productions']",Sony Pictures Television,Netflix,"['1080p (2:1 HDTV) (2013)', '4K (2:1 UHDTV) (2014–18)']",Dolby Digital 5.1,"February 1, 2013 (2013-02-01) –November 2, 2018 (2018-11-02)",43,"November 2, 2018",,,,"['Baltimore, Maryland', 'Joppa, Maryland(sound stage)']","['House of Cardsby Michael Dobbs', 'House of Cardsby Andrew Davies']",,House of Cards,,,,,,,,,,,Jeff Beal,,,,,,,,,,,,,,,,,,,,,,,,,,,,,,,,,,,,,,,,,,,,,,,,,,,,,
20,Ozark,81,90,"['Crime drama', 'Thriller']","['Bill Dubuque', 'Mark Williams']","['Jason Bateman', 'Laura Linney', 'Sofia Hublitz', 'Skylar Gaertner', 'Julia Garner', 'Jordana Spiro', 'Jason Butler Harner', 'Esai Morales', 'Peter Mullan', 'Lisa Emery', 'Charlie Tahan', 'Janet McTeer', 'Tom Pelphrey', 'Jessica Frances Dukes']","['Danny Bensi', 'Saunder Jurriaans']",United States,English,3.0,30 ,"['Jason Bateman', 'Chris Mundy', 'Bill Dubuque', 'Mark Williams']",,,52–80 minutes,"['MRC', 'Aggregate Films', 'Zero Gravity Management', 'Headhunter Films', 'Man, Woman & Child Productions']",Netflix,Netflix,"['4K (Ultra HD)', 'High dynamic range']",Dolby Digital 5.1,"July 21, 2017 (2017-07-21) –present (present)",52,present,,,,"['Lake Allatoona, Georgia', 'Lake Lanier, Georgia']",,,,,,,,,,,,,,,,,,,,,,,,,,,,,,,,,,,,,,,,,,,,,,,,,,,,,,,,,,,,,,,,,,,
21,Raising Dion,82,74,"['Superhero', 'Science fiction', 'Adventure', 'Family drama']",Carol Barbee,"['Alisha Wainwright', ""Ja'Siah Young"", 'Jazmyn Simon', 'Sammi Haney', 'Jason Ritter']",,United States,English,1.0,9 ,"['Carol Barbee', 'Charles D. King', 'Kim Roth', 'Poppy Hanks', 'Kenny Goodman', 'Dennis Liu', 'Seith Mann', 'Michael Green', 'Michael B. Jordan']","['Armando Salas', 'Peter Flinckenberg']","['James D. Wilcox', 'Scott James Wallace', 'Elisa R. Cohen', 'William Yeh']",38–50 minutes,"['Fixed Mark Productions', 'MACRO', 'Outlier Society Productions']",,Netflix,4K (16:9 UHDTV in high dynamic range),Dolby Digital,"October 4, 2019 (2019-10-04) –present (present)",38,present,,,,,Raising Dionby Dennis Liu,,,,,,,"['Robert F. Phillips', 'Edward Ricourt', 'Juanita Diana Feeney']",,,,,,Kris Bowers,,,,,,,,,,,,,,,,,,,,,,,,,,,,,,,,,,,,,,,,,,,,,,,,,,,,,
22,The Umbrella Academy,82,87,"['Black comedy', 'Drama', 'Science fiction', 'Superhero', 'Fantasy']",Steve Blackman,"['Elliot Page', 'Tom Hopper', 'David Castañeda', 'Emmy Raver-Lampman', 'Robert Sheehan', 'Aidan Gallagher', 'Mary J. Blige', 'Cameron Britton', 'John Magaro', 'Adam Godley', 'Colm Feore', 'Justin H. Min', 'Ritu Arya', 'Yusuf Gatewood', 'Marin Ireland', 'Kate Walsh']","['Jeff Russo', 'Perrine Virgile']",United States,English,2.0,20 ,"['Gerard Way', 'Gabriel Bá', 'Jeremy Slater', 'Scott Stuber', 'Beau Bauman', 'Mike Richardson', 'Keith Goldberg', 'Peter Hoar', 'Jeff F. King', 'Steve Blackman']","['Neville Kidd', 'Craig Wrobleski']","['Jon Dudkowski', 'Timothy A. Good', 'Amy Duddleston', 'Wendy Tzeng', 'Todd Desrosiers', 'Brian Beal', 'Amanda Panella', 'Franklin Peterson']",40–60 minutes,"['Borderline Entertainment', 'Dark Horse Entertainment', 'Universal Cable Productions']",NetflixNBCUniversal Television Distribution,Netflix,4K UHDTV 2160p,Dolby Digital,"February 15, 2019 (2019-02-15) –present (present)",40,present,,,,"['Toronto, Ontario', 'Hamilton, Ontario']",The Umbrella Academyby Gerard Way and Gabriel Bá,Jeremy Slater,,,,,,"['Kevin Lafferty', 'Sneha Koorse', 'Jamie Neese', 'Jason Neese', 'Ted Miller']",,,,,,,,,,,,,,,,,,,,,,,,,,,,,,,,,,,,,,,,,,,,,,,,,,,,,,,,,,,
23,Challenger: The Final Flight,84,91,,,,,United States,English,1.0,4,,,"Adrienne Gits, Poppy Das",41–52 minutes,"['Bad Robot', 'Sutter Road Picture Company', 'Zipper Bros Films']",Netflix,Netflix,HDTV 1080p,Stereo,"September 16, 2020 (2020-09-16)",41,09,,,,,,"['Steven Leckart', 'Glen Zipper']",,,,,,,,,,,"Daniel Junge, Steven Leckart",,,,,,,,,,,,,,,,,,,,,,,,,,,,,,,,,,,,,,,,,,,,,,,,,,,,,,
24,Lucifer,86,77,"['Urban fantasy', 'Police procedural', 'Comedy-drama']",,"['Tom Ellis', 'Lauren German', 'Kevin Alejandro', 'D. B. Woodside', 'Lesley-Ann Brandt', 'Rachael Harris', 'Scarlett Estevez', 'Kevin Rankin', 'Tricia Helfer', 'Aimee Garcia', 'Tom Welling', 'Inbar Lavi']","['Ben Decter', 'Jeff Russo', 'Marco Beltrami', 'Dennis Smith']",United States,English,5.0,75 ,"['Tom Kapinos', 'Ildy Modrovich', 'Len Wiseman', 'Jonathan Littman', 'Jerry Bruckheimer', 'Joe Henderson', 'Tom Ellis']","['Glen Keenan', 'Ryan McMaster', 'Tico Poulakakis', 'Stefan von Bjorn', 'Barry Donlevy', 'Christian Sebaldt']","['Marc Pattavina', 'Ray Daniels III', 'Fred Peterson', 'Hector Carrillo', 'Matt Coleshill', ""Jill D'Agnenica""]",42–62 minutes,"['Jerry Bruckheimer Television', 'DC Entertainment', 'Warner Bros. Television']",Warner Bros. Television Distribution,"['Fox (2016–18)', 'Netflix (2019–present)']","['720p 16:9 (HDTV)', '4K (16:9 UHDTV in high dynamic range)']",Dolby Digital 5.1,"January 25, 2016 (2016-01-25) –present (present)",42,present,,,,"['Los Angeles, California', 'Vancouver, British Columbia']","['Neil Gaiman', 'Sam Kieth', 'Mike Dringenberg']",Tom Kapinos,,,,,,"['Alex Katsnelson', 'Michael Azzolino', 'Erik Holmberg', 'Karen Gaviola']",,,Single-camera,,,,,,,,,,,,,,,,,,,,,,,,,,,,,,,,,,,,,,,,,,,,,,,,,,,,,,,,
25,Atypical,87,95,"['Comedy-drama', 'Coming-of-age']",Robia Rashid,"['Keir Gilchrist', 'Jennifer Jason Leigh', 'Brigette Lundy-Paine', 'Michael Rapaport', 'Amy Okuda']",,United States,English,3.0,28 ,,,,26–38 minutes,Weird BrainExhibit ASony Pictures Television,Netflix,Netflix,,,"August 11, 2017 (2017-08-11) –present (present)",26,present,,Jennifer Jason Leigh,,"Los Angeles, California",,,,,,,,,Dan Romer,,,,,,,,,,,"Robia Rashid
Seth Gordon

Mary Rohlich",,,,,,,,,,,,,,,,,,,,,,,,,,,,,,,,,,,,,,,,,,,,,,,
26,Narcos: Mexico,88,92,"['Crime drama', 'Biographical']","['Carlo Bernard', 'Chris Brancato', 'Doug Miro']","['Michael Peña', 'Diego Luna', 'Tenoch Huerta Mejía', 'Alyssa Diaz', 'Joaquín Cosío', 'José María Yazpik', 'Matt Letscher', 'Ernesto Alterio', 'Alejandro Edda', 'Fernanda Urrejola', 'Teresa Ruiz', 'Aaron Staton', 'Lenny Jacobson', 'Gerardo Taracena', 'Julio Cesar Cedillo', 'Scoot McNairy', 'Alfonso Dosal', 'Mayra Hermosillo', 'Manuel Masalva', 'Miguel Rodarte', 'Alex Knight', 'Jesse Garcia', 'Matt Biedel', 'Jero Medina', 'Alberto Zeni', 'Gorka Lasaosa', 'Andres Londono', 'Alberto Ammann', 'Flavio Medina']","['Gustavo Santaolalla', 'Kevin Kiner']",United StatesMexico,,2.0,20 ,"['Carlo Bernard', 'Doug Miro', 'Eric Newman', 'José Padilha']",,,45–69 minutes,,Netflix,Netflix,,,"November 16, 2018 (2018-11-16) –present",45,present,Rodrigo Amarante,,,"['Mexico', 'United States']",,,,['Scoot McNairy'],"""Tuyo""",Gaumont International Television,Narcos,,,,,,,,,,,,,,,,,,,,,,,,,,,,,,,,,,,,,,,,,,,,,,,,,,,,,,,,,,,,
27,Grace and Frankie,88,89,Comedy,"['Marta Kauffman', 'Howard J. Morris']","['Jane Fonda', 'Lily Tomlin', 'Sam Waterston', 'Martin Sheen', 'Brooklyn Decker', 'Ethan Embry', 'June Diane Raphael', 'Baron Vaughn']","['Sam KS', 'Michael Skloff']",United States,English,6.0,78 ,"['Marta Kauffman', 'Howard J. Morris', 'Jane Fonda', 'Lily Tomlin', 'Tate Taylor (pilot)', 'Paula Weinstein', 'Dana Goldberg', 'David Ellison', 'Marcy Ross', 'Alexa Junge']",Gale Tattersall,"['Lisa Zeno Churgin', 'Michael Jablow', 'Sarah Lucky']",25–35 minutes,"['Okay Goodnight', 'Skydance Television']",Netflix,Netflix,4K (Ultra HD),,"May 8, 2015 (2015-05-08) –present (present)",25,present,,,,"Los Angeles, California",,,,,"""Stuck in the Middle with You""performed by Grace Potter",,,,,,Single-camera,,,,,,,,,,,,,,,,,,,,,,,,,,,,,,,,,,,,,,,,,,,,,,,,,,,,,,,,
28,The Haunting of Bly Manor,88,63,"['Gothic romance', 'Drama', 'Supernatural', 'Horror']",Mike Flanagan,"['Victoria Pedretti', 'Oliver Jackson-Cohen', 'Amelia Eve', ""T'Nia Miller"", 'Rahul Kohli', 'Tahirah Sharif', 'Amelie Bea Smith', 'Benjamin Evan Ainsworth', 'Henry Thomas']",,United States,English,,9 ,"['Darryl Frank', 'Justin Falvey', 'Trevor Macy', 'Mike Flanagan', 'Diane Ademu-John']","['James Kniest', 'Maxime Alexandre']","['Brian Jeremiah Smith', 'Mike Flanagan']",46–66 minutes,"['Intrepid Pictures', 'Amblin Television', 'Paramount Television Studios']",,Netflix,,,"October 9, 2020 (2020-10-09)",46,10,,,,,The work of Henry James,,,,,,The Haunting of Hill House,"['Kathy Gilroy', 'Leah Fong']",The Newton Brothers,,,,,,,,,,,,,,,,,,,,,,,,,,,,,,,,,,,,,,,,,,,,,,,,,,,,,,,,,,
29,Pretend It's a City,89,78,,,,,,,1.0,7,"['Fran Lebowitz', 'Josh Porter', 'Martin Scorsese', 'David Tedeschi', 'Ted Griffin', 'Emma Tillinger Koskoff', 'Margaret Bodde']",Ellen Kuras,"['David Tedeschi', 'Damian Rodriguez']",26-31 minutes,,,Netflix,,,"January 8, 2021 (2021-01-08)",26,01,,,,,,,,,,,,,,,,,Martin Scorsese,,,,,,,,,,,,,,,,,,,,,,,,,,,,,,,,,,,,,,,,,,,,,,,,,,,,,,
30,Bridgerton,89,81,"['Regency romance', 'Period drama']",Chris Van Dusen,"['Adjoa Andoh', 'Lorraine Ashbourne', 'Jonathan Bailey', 'Ruby Barker', 'Sabrina Bartlett', 'Harriet Cains', 'Bessie Carter', 'Nicola Coughlan', 'Phoebe Dynevor', 'Ruth Gemmell', 'Florence Hunt', 'Claudia Jessie', 'Ben Miller', 'Luke Newton', 'Regé-Jean Page', 'Golda Rosheuvel', 'Luke Thompson', 'Will Tilston', 'Polly Walker', 'Julie Andrews']",,United States,English,1.0,8,"['Shonda Rhimes', 'Betsy Beers', 'Chris Van Dusen', 'Julie Anne Robinson']",,,57–72 minutes,,Netflix,,,,"December 25, 2020 (2020-12-25) –present (present)",57,present,,,,,Bridgertonby Julia Quinn,,,,,Shondaland,,"['Sarada McDermontt', 'Holden Chang', 'Sarah Dollard']",Kris Bowers,Jim Flynn,,,,,,,,,,,,,,,,,,,,,,,,,,,,,,,,,,,,,,,,,,,,,,,,,,,,,,,,,
31,Dead to Me,89,90,"['Dark comedy', 'Dramedy', 'Tragicomedy']",Liz Feldman,"['Christina Applegate', 'Linda Cardellini', 'James Marsden', 'Max Jenkins', 'Sam McCarthy', 'Luke Roessler']",,United States,English,2.0,20 ,"['Liz Feldman', 'Will Ferrell', 'Adam McKay', 'Jessica Elbaum', 'Christina Applegate', 'Christie Smith']","['Danny Moder (season 1)', 'Toby Oliver (season 2)']","['Liza Cardinale', 'Grady Cooper', 'Iris Hershner', 'Nicole Brik']",26–34 minutes,"['Gloria Sanchez Productions', 'Visualized, Inc.', 'CBS Television Studios']",,Netflix,"['4K (Ultra HD)', 'High dynamic range']",Dolby Digital 5.1,"May 3, 2019 (2019-05-03) –present (present)",26,present,,,,,,,,,,,,"['Joe Hardesty', 'Linda Cardellini', 'Peter Chomsky', 'Buddy Enright', 'Denise Pleune']",Adam Blau,,Single-camera,,,,,,,,,,,,,,,,,,,,,,,,,,,,,,,,,,,,,,,,,,,,,,,,,,,,,,,,
32,The Kominsky Method,90,92,Comedy-drama,Chuck Lorre,"['Michael Douglas', 'Alan Arkin', 'Sarah Baker', 'Nancy Travis', 'Kathleen Turner']",,United States,English,2.0,16 ,"['Chuck Lorre', 'Al Higgins', 'Michael Douglas']",Anette Haellmigk,"['Matthew Barbato', 'Gina Sansom']",22–33 minutes,"['Chuck Lorre Productions', 'Warner Bros. Television']",,Netflix,4K (16:9 UHDTV in high dynamic range),Dolby Digital,"November 16, 2018 (2018-11-16) –present (present)",22,present,,Marlis Pujol,,,,,,,,,,,Jeff Cardoni,,Single-camera,,,,,,,,,,,,,,,,,,,,,,,,,,,,,,,,,,,,,,,,,,,,,,,,,,,,,,,,
33,You,90,81,"['Psychological thriller', 'Crime drama']",,"['Penn Badgley', 'Elizabeth Lail', 'Luca Padovan', 'Zach Cherry', 'Shay Mitchell', 'Victoria Pedretti', 'Jenna Ortega', 'James Scully', 'Ambyr Childers', 'Carmela Zumbado']",,United States,English,2.0,20 ,"['Marcos Siega', 'Gina Girolamo', 'Les Morgenstein', 'Sarah Schechter', 'Sera Gamble', 'Greg Berlanti', 'Lee Toland Krieger', 'Silver Tree', 'Michael Foley', 'Azalea Brooke']","['David Lanzenberg', 'W. Mott Hupfel', 'Seamus Tierney', 'Cort Fey']","['Harry Jierjian', 'Gaston Jaren Lopez', 'Troy Takaki', 'Rita K. Sanders', 'Felicia M. Livingston', 'Erin Wolf', 'Becca Berry']",41–50 minutes,"['Man Sewing Dinosaur', 'Berlanti Productions', 'Alloy Entertainment', 'A&E Studios', 'Warner Horizon Television']",Warner Bros. Television Distribution,"['Lifetime (season 1)', 'Netflix (season 2–present)']","['1080p (16:9 HDTV)', '4K (Ultra HD)', 'High dynamic range']",5.1 surround sound,"September 9, 2018 (2018-09-09) –present (present)",41,present,,,,"['New York City', 'Los Angeles, California']","['You', 'Hidden Bodies']","['Greg Berlanti', 'Sera Gamble']",,"['Penn Badgley', 'Elizabeth Lail']",,,,"['Ryan Lindenberg', 'Adria Lang', 'Jason Sokoloff', 'Jennifer Lence', 'Wayne Carmona']",Blake Neely,,Single-camera,,,,,,,,,,,,,,,,,,,,,,,,,,,,,,,,,,,,,,,,,,,,,,,,,,,,,,,,
34,Gentefied,91,76,Comedy-drama,Marvin Lemus & Linda Yvette Chávez,"['Joaquín Cosío', 'J.J. Soria', 'Karrie Martin', 'Carlos Santos']",,United States,,1.0,10 ,"['Monica Macer', 'Charles D. King', 'Aaliyah Williams', 'Kim Roth', 'America Ferrera', 'Teri Weinberg']",Logan Schneider,"['Edwin Ulysses Rivera', 'Jesus Huidobro']",25–32 minutes,"['MACRO', 'Sector 7 Productions', 'Anchor Baby Productions', 'Take Fountain Productions', 'Yellow Brick Road']",,Netflix,"['4K (Ultra HD)', 'High dynamic range']",Dolby Digital,"February 21, 2020 (2020-02-21) –present (present)",25,present,,Wileen Dragovan,,,,,,,,,,,,,Single-camera,,,Brian D'Oliveira,,,,,"['English', 'Spanish']",,,,,,,,,,,,,,,,,,,,,,,,,,,,,,,,,,,,,,,,,,,,,,,,
35,The Last Kingdom,91,96,Historical drama,,see below,,United Kingdom,English,,36 ,Stephen ButchardNigel Marchant Gareth Neame,Chas Bain,,58–59 minutes,,,"['BBC Two (UK) (series 1 - 2)', 'Netflix (series 3 - present)']",,,10 October 2015 (2015-10-10) –present (present),58,present,,Chrissy Skinns,,"Hungary, Wales",The Saxon Stories novels by Bernard Cornwell,,,,,Carnival Film and Television,,,John Lunn,Paul Knight,,,,,,,4.0,,,,,,,,,,,,,,,,,,,,,,,,,,,,,,,,,United Kingdom,,,,,,,,,,,,,,,,,
36,The Midnight Gospel,91,89,"['Adult animation', 'Science fantasy', 'Surrealism', 'Dark comedy', 'Adventure', 'Interview', 'Psychedelic']","['Pendleton Ward', 'Duncan Trussell']",,,United States,English,1.0,8,"['Pendleton Ward', 'Duncan Trussell', 'Antonio Canobbio', 'Ben Kalina', 'Chris Prynoski']",,,20-36 minutes,"Oatmeal MaidenTitmouse, Inc.",,Netflix,4K (Ultra HD)High dynamic range,Dolby Digital Plus 5.1,"April 20, 2020 (2020-04-20) –present",20,present,,,,,,,Adventure Time,,,,,"['Shannon Prynoski', 'Tony Salama']",Joe Wong,Megan Love,,"['Pendleton Ward', 'Duncan Trussell', 'Mike L. Mayfield']",Pendleton Ward,,"['Duncan Trussell', 'Phil Hendrie']",,,,,,,,,,,,,,,,,,,,,,,,,,,,,,,,,,,,,,,,,,,,,,,,,,,,
37,The Crown,91,89,Historical drama,Peter Morgan,"['Claire Foy', 'Matt Smith', 'Vanessa Kirby', 'Eileen Atkins', 'Jeremy Northam', 'Victoria Hamilton', 'Ben Miles', 'Greg Wise', 'Jared Harris', 'John Lithgow', 'Alex Jennings', 'Lia Williams', 'Anton Lesser', 'Matthew Goode', 'Olivia Colman', 'Tobias Menzies', 'Helena Bonham Carter', 'Ben Daniels', 'Jason Watkins', 'Marion Bailey', 'Erin Doherty', 'Jane Lapotaire', 'Charles Dance', ""Josh O'Connor"", 'Geraldine Chaplin', 'Michael Maloney', 'Emerald Fennell', 'Andrew Buchan', 'Gillian Anderson', 'Emma Corrin', 'Stephen Boxer']","['Rupert Gregson-Williams (1–2)', 'Lorne Balfe (2)', 'Martin Phipps (3–4)']","['United Kingdom', 'United States']",English,4.0,40 ,"['Peter Morgan', 'Stephen Daldry', 'Andy Harries', 'Philip Martin', 'Suzanne Mackie', 'Matthew Byam Shaw', 'Robert Fox', 'Tanya Seghatchian', 'Nina Wolarsky', 'Allie Goss', 'Benjamin Caron']",,,47–61 minutes,"['Left Bank Pictures', 'Sony Pictures Television']",Netflix Streaming Services,Netflix,4K (Ultra HD),,4 November 2016 (2016-11-04) –present (present),47,present,Hans Zimmer,Andrew Eaton,United Kingdom,,,,,,,,,,,,,,,,,,,,,,,,,,,,,,,,,,,,,,,,,,,,,,,,,,,,,,,,,,,,,,,,,,,,
38,Dating Around,92,50,"['Reality', 'Dating']",Chris Culvenor,,,United States,English,2.0,12 ,"['Chris Culvenor', 'Paul Franklin', 'Alycia Rossiter']",James Adolphus,,24–29 minutes,['Eureka Productions'],Netflix,Netflix,,,"February 14, 2019 (2019-02-14) –present (present)",24,present,,,,,,,,,,,,,,,,,"['James Adolphus', 'Wylda Bayron']",,,,,,,,,,,,,,,,,,,,,,,,,,,,,,,,,,,,,,,,,,,,,,,,,,,,,,
39,Criminal: UK,92,92,Police procedural anthology series,"['George Kay', 'Jim Field Smith']","['Katherine Kelly', 'Lee Ingleby', 'Mark Stanley']",,United Kingdom,English,2.0,7 ,,,,41–48 minutes,,,,,,20 September 2019 (2019-09-20) –present,41,present,,,,,,,"['Criminal: France', 'Criminal: Germany', 'Criminal: Spain']",,,Idiotlamp Productions,,,,,,George Kay,Jim Field Smith,,,,,,,,,,,,,,,,,,,,,,,,,,,,,,,,,,,,,,,,,,,,,,,,,,,,,,
40,Cobra Kai,93,92,"['Comedy-drama', 'Martial arts', 'Action comedy']","['Josh Heald', 'Jon Hurwitz', 'Hayden Schlossberg']","['Ralph Macchio', 'William Zabka', 'Courtney Henggeler', 'Xolo Maridueña', 'Tanner Buchanan', 'Mary Mouser', 'Jacob Bertrand', 'Gianni DeCenzo', 'Martin Kove']","['Leo Birenberg', 'Zach Robinson']",United States,English,3.0,30,"['Will Smith', 'James Lassiter', 'Caleeb Pinkett', 'Susan Ekins', 'Josh Heald', 'Jon Hurwitz', 'Hayden Schlossberg']",Cameron Duncan,"['Nicholas Monsour', 'Jeff Seibenick', 'Ivan Victor']",22–40 minutes,"['Hurwitz & Schlossberg Productions (seasons 1–2)', 'Overbrook Entertainment (seasons 1–2)', 'Heald Productions (season 2)', 'Counterbalance Entertainment (season 3)', 'Westbrook Studios (season 3)', 'Sony Pictures Television Studios']",Sony Pictures Television,"['YouTube Red (season 1)', 'YouTube Premium (season 2)', 'Netflix (season 3)']",4K (UHDTV),"['Stereo (YouTube)', 'Dolby Digital 5.1 (Netflix)']","May 2, 2018 (2018-05-02) –present (present)",22,present,,,,,The Karate Kidby Robert Mark Kamen,,,,,,,"['Katrin L. Goodson', 'Bob Wilson']",,,Single-camera,,,,,,,,,,,,,,,,,,,,,,,,,,,,,,,,,,,,,,,,,,,,,,,,,,,,,,,,
41,Julie and the Phantoms,93,98,"['Musical', 'Comedy-drama']",Dan Cross & David Hoge,"['Madison Reyes', 'Charlie Gillespie', 'Owen Patrick Joyner', 'Jeremy Shada', 'Jadah Marie', 'Sacha Carlson', 'Savannah May']",,United States,English,1.0,9,"['Kenny Ortega', 'Dan Cross', 'David Hoge', 'Michel Tikhomiroff', 'Fabio Danesi', 'George Salinas', 'Jaime Aymerich']",Jon Joffin,"['Don Brochu', 'Dan Krieger', 'Austin Andrews']",24–38 minutes,"['Cross Hoge Productions', '5678 Productions', 'Mixer Films', 'Crossover Entertainment LLC', 'Brightlight Pictures']",,Netflix,,,"September 10, 2020 (2020-09-10)",24,09,,,,"Burnaby, British Columbia","Julie e os Fantasmasby Paula Knudsen, Tiago Mello, and Fabio Danesi",,,,,,,"['Jameson Parker', 'Thierry Tanguy']",,,,,,David Lawrence,,,,,,,,,,,,,,,,,,,,,,,,,,,,,,,,,,,,,,,,,,,,,,,,,,,,,
42,Castlevania,93,88,DramaDark fantasyActionAdventureHorror,Warren Ellis,,,United States,English,3.0,22 ,"['Adi Shankar', 'Fred Seibert', 'Ted Biaselli', 'Kevin Kolde', 'Larry Tanz', 'Warren Ellis']",,,23–31 minutes,"['Frederator Studios', 'Powerhouse Animation Studios', 'Shankar Animation', 'Project 51 Productions', 'Mua Film']",Netflix Streaming Services,Netflix,,,"July 7, 2017 (2017-07-07) –present",23,present,,,,,Castlevaniaby Konami,Adi Shankar,,,,,,Jason WilliamsMaki Terashima-Furuta (seasons 2–3),Trevor Morris,,,Warren Ellis (seasons 1–4),"['Sam Deats', 'Adam Deats', 'Spencer Wan']",,"['Richard Armitage', 'James Callis', 'Graham McTavish', 'Alejandra Reynoso', 'Tony Amendola', 'Matt Frewer', 'Emily Swallow', 'Theo James', ""Adetokumboh M'Cormack"", 'Jaime Murray', 'Peter Stormare', 'Jessica Brown Findlay', 'Yasmine Al Massri', 'Ivana Miličević', 'Bill Nighy', 'Navid Negahban', 'Jason Isaacs', 'Toru Uchikado', 'Rila Fukushima', 'Barbara Steele', 'Lance Reddick']",,,,,,,,,,,,,,,,,,,,,,,,,,,,,,,,,,,,,,,,,,,,,,,,,,,,
43,Queer Eye,93,83,Reality television,David Collins,"['Antoni Porowski', 'Tan France', 'Karamo Brown', 'Bobby Berk', 'Jonathan Van Ness']",,United States,,5.0,47 ,"['David Collins', 'Michael Williams', 'Rob Eric', 'Jennifer Lane', 'Adam Sher', 'Jordana Hochman', 'David Eilenberg', 'David George']",Garret Rose,"['Joe DeShano', 'Mathew D. Miller', 'A.M. Peters', 'Ryan Taylor', 'Brian Ray', 'Maxx Cozza']",43–51 minutes,"['Scout Productions', 'ITV Entertainment']",Netflix,Netflix,,Dolby Digital 5.1,"February 7, 2018 (2018-02-07) –present (present)",43,present,Widelife,,,,,,Queer Eye (2003–07),,All things (feat. Elizabeth Pha) by Passion Victim,,,"[""Shannon O'Rourke"", 'Woody Woodbeck', 'Elis Ortiz']",,,,,,,,All things (feat. Elizabeth Pha) by Passion Victim,,,EnglishJapanese (We're in Japan!),,,,,,,,,,,,,,,,,,,,,,,,,,,,,,,,Queer Eye: More than a Makeover,,,,,,,,,,,,,,,,
44,Stranger Things,93,91,"['Science fiction', 'Horror', 'Mystery-thriller']",The Duffer Brothers,"['Winona Ryder', 'David Harbour', 'Finn Wolfhard', 'Millie Bobby Brown', 'Gaten Matarazzo', 'Caleb McLaughlin', 'Natalia Dyer', 'Charlie Heaton', 'Cara Buono', 'Matthew Modine', 'Noah Schnapp', 'Sadie Sink', 'Joe Keery', 'Dacre Montgomery', 'Sean Astin', 'Paul Reiser', 'Maya Hawke', 'Priah Ferguson', 'Brett Gelman', 'Jamie Campbell Bower', 'Eduardo Franco', 'Joseph Quinn']","['Michael Stein', 'Kyle Dixon']",United States,English,3.0,25 ,"['The Duffer Brothers', 'Shawn Levy', 'Dan Cohen', 'Cindy Holland', 'Brian Wright', 'Matt Thunell', 'Karl Gajdusek', 'Iain Paterson']","['Tim Ives', 'Tod Campbell', 'Lachlan Milne', 'David Franco']","['Dean Zimmerman', 'Kevin D. Ross', 'Nat Fuller', 'Katheryn Naranjo']",42–77 minutes,"['21 Laps Entertainment', 'Monkey Massacre']",Netflix Streaming Services,Netflix,"['4K (Ultra HD)', 'High dynamic range']",Dolby Digital 5.1,"July 15, 2016 (2016-07-15) –present (present)",42,present,,,,,,,,,,,,,,,,,,,,,,,,,,,,,,,,,,,,,,,,,,,,,,,,,,,,,,,,,,,,,,,,,,,,,,,
45,Rhythm + Flow,95,77,,"['Jeff Gaspin', 'Jesse Collins', 'Nikki Boella', 'John Legend']",,,United States,,1.0,10,Jeff GaspinJesse CollinsJohn LegendJeff PollackNikki Boella,,,,"['Gaspin Media', 'Get Lifted Film Company', 'Jesse Collins Entertainment']",Netflix,Netflix,,,"October 9, 2019 (2019-10-09)",,10,,,,,,,,,,,,,,,,,Sam Wrench,,,,,,,,,,,,,,,,,,,,,,,,,,,,,,,,,,,,,,,T.I.Chance the RapperCardi B,,,,,,,,,,,,,,,
46,On My Block,95,91,"['Teen drama', 'Comedy-drama']","['Lauren Iungerich', 'Eddie Gonzalez', 'Jeremy Haft']","['Sierra Capri', 'Jason Genao', 'Brett Gray', 'Diego Tinoco', 'Jessica Marie Garcia', 'Julio Macias']",,United States,,3.0,28 ,"['Lauren Iungerich', 'Eddie Gonzalez', 'Jeremy Haft']","['Joe Kessler', 'Tommy Maddox-Upshaw', 'Tarin Anderson']",,23–36 minutes,,Netflix,Netflix,4K (16:9 UHDTV in high dynamic range),Dolby Digital 5.1,"March 16, 2018 (2018-03-16) –present (present)",23,present,,,,,,,,,,Crazy Cat Lady Productions,,"['Jamie Dooner', 'Robert Sudduth', 'Hal Olofsson', 'Arlyn Richardson']",KOVAS,,Single-camera,,,,,,,,"['English', 'Spanish']",,,,,,,,,,,,,,,,,,,,,,,,,,,,,,,,,,,,,,,,,,,,,,,,
47,Dear White People,95,50,Comedy-dramaSatire,Justin Simien,"['Logan Browning', 'Brandon P. Bell', 'DeRon Horton', 'Antoinette Robertson', 'John Patrick Amedori', 'Ashley Blaine Featherson', 'Marque Richardson', 'DJ Blickenstaff', 'Giancarlo Esposito']",,United States,English,3.0,30 ,"['Justin Simien', 'Yvette Lee Bowser', 'Stephanie Allain', 'Julia Lebedev']",,,21–36 minutes,"['SisterLee Productions', 'Culture Machine', 'Code Red', 'Homegrown Pictures', 'Roadside Attractions', 'Lionsgate Television']",Netflix,Netflix,,,"April 28, 2017 (2017-04-28) –present (present)",21,present,,,,,Dear White Peopleby Justin Simien,,,Giancarlo Esposito,,,,,Kris Bowers,,,,,,,,,,,,,,,,,,,,,,,,,,,,,,,,,,,,,,,,,,,,,,,,,,,,,,,,,,
48,Kingdom,96,95,"['Historical period', 'Political drama', 'Horror', 'Thriller']",,"['Ju Ji-hoon', 'Ryu Seung-ryong', 'Bae Doo-na', 'Kim Sang-ho', 'Kim Sung-kyu', 'Kim Hye-jun']",,South Korea,Korean,2.0,12 + 1 special ,,,,36–56 minutes,,Netflix,Netflix,"['4K (Ultra HD)', 'High dynamic range']",Dolby Digital,"January 25, 2019 (2019-01-25) –present (present)",36,present,,Lee Sung-joon,,,The Kingdom of the Godsby Kim Eun-hee and Yang Kyung-il,,,,,AStory,,,,,Single-camera,Kim Eun-hee,"['Kim Seong-hun', 'Park In-je (Season 2)']",,,,,,,Lee Sang-baek,,,,,,,,,,,킹덤,,,,,,,,,,,,,,,,,,,,,,,,,,,,,,,,,,,,
49,Special,96,84,Comedy,Ryan O'Connell,"[""Ryan O'Connell"", 'Jessica Hecht', 'Punam Patel', 'Marla Mindelle', 'Augustus Prew', 'Patrick Fabian']",,United States,English,1.0,8 ,"['Anna Dokoza', 'Eric Norsoph', ""Ryan O'Connell"", 'Todd Spiewak', 'Jim Parsons']",Philip Roy,,12–17 minutes,"['Warner Bros. Television', ""That's Wonderful Productions"", 'Campfire', 'Stage 13']",Netflix,Netflix,4K (16:9 UHDTV),Dolby Digital,"April 12, 2019 (2019-04-12) –present (present)",12,present,,,,,I'm Special: And Other Lies We Tell Ourselvesby Ryan O'Connell,,,,,,,,Joshua Moshier,Thomas Calderón,Single-camera,Ryan O'Connell,Anna Dokoza,,,,,,,,,,,,,,,,,,,,,,,,,,,,,,,,,,,,,,,,,,,,,,,,,,,,,,
50,I Think You Should Leave with Tim Robinson,96,73,,"['Zach Kanin', 'Tim Robinson']",Tim Robinson,,United States,English,1.0,6 ,"['Zach Kanin', 'Tim Robinson', 'Andy Samberg', 'Akiva Schaffer', 'Jorma Taccone', 'Becky Sloviter', 'Alex Bach', 'Daniel Powell']",,,16–18 minutes,"['Irony Point', 'Party Over Here']",Netflix,Netflix,,,"April 23, 2019 (2019-04-23) –present",16,present,Doris Wilson,,,,,,,,Big Flame (Is Gonna Break My Heart In Two),,,['Jay Patumanoan'],,,,,,,,,,,,,,,,,,,,,,,,,,,,,,,,,,,,,,,,,,,,,,,,,,,,,,,,,,,
51,Never Have I Ever,96,89,Comedy-dramaComing of ageTeen drama,Mindy KalingLang Fisher,"['Maitreyi Ramakrishnan', 'Richa Moorjani', 'Jaren Lewison', 'Darren Barnet', 'John McEnroe', 'Poorna Jagannathan']",,United States,English,1.0,10,"['Mindy Kaling', 'Lang Fisher', 'Howard Klein', 'David Miner', 'Tristram Shapeero']",,,22–30 minutes,"['Kaling International, Inc.', 'Original Langster', '3 Arts Entertainment', 'Universal Television']",Netflix,Netflix,,,"April 27, 2020 (2020-04-27) –present (present)",22,present,,,,"Los Angeles, California",,,,"['John McEnroe', 'Andy Samberg']",,,,,Joseph Stephens,,Single-camera,,,,,,,,,,,,,,,,,,,,,,,,,,,,,,,,,,,,,,,,,,,,,,,,,,,,,,,,
52,Elite,97,86,"['Thriller', 'Teen drama']","['Carlos Montero', 'Darío Madrona']","['María Pedraza', 'Itzan Escamilla', 'Miguel Bernardeau', 'Ester Expósito', 'Danna Paola', 'Miguel Herrán', 'Jaime Lorente', 'Álvaro Rico', 'Arón Piper', 'Mina El Hammani', 'Omar Ayuso', 'Jorge López', 'Claudia Salas', 'Georgina Amorós', 'Sergio Momo', 'Leïti Sène', 'Manu Ríos', 'Carla Díaz', 'Pol Granch', 'Martina Cariddi']",,Spain,Spanish,3.0,24 ,"['Carlos Montero', 'Darío Madrona', 'Diego Betancor', 'Iñaki Juaristi']","['Daniel Sosa Segura', 'Ricardo de Gracia']","['Irene Blecua', 'Ascen Marchena']",47–56 minutes,,Netflix,Netflix,4K (16:9 UHDTV in high dynamic range),Dolby Digital 5.1,5 October 2018 (2018-10-05) –present (present),47,present,,Francisco Ramos,,"Sierra de Guadarrama, Madrid",,,,,,Zeta Producciones,,,Lucas Vidal,,Single-camera,,,,,,,,,,,,,,,,,,,,,,,,,,,,,,,,,,,,,,,,,,,,,,,,,,,,,,,,
53,The Queen's Gambit,97,66,Period drama,"['Scott Frank', 'Allan Scott']","['Anya Taylor-Joy', 'Bill Camp', 'Moses Ingram', 'Isla Johnston', 'Christiane Seidel', 'Rebecca Root', 'Chloe Pirrie', 'Akemnji Ndifornyen', 'Marielle Heller', 'Harry Melling', 'Patrick Kennedy', 'Jacob Fortune-Lloyd', 'Thomas Brodie-Sangster', 'Marcin Dorociński']",,United States,English,,7 ,"['William Horberg', 'Allan Scott', 'Scott Frank']",Steven Meizler,,46–67 minutes,"['Flitcraft Ltd', 'Wonderful Films']",,Netflix,,,"October 23, 2020 (2020-10-23)",46,10,,,,,The Queen's Gambitby Walter Tevis,,,,,,,"['Marcus Loges', 'Mick Aniceto']",,Michelle Tesoro,,Scott Frank,Scott Frank,Carlos Rafael Rivera,,,,,,,,,,,,,,,,,,,,,,,,,,,,,,,,,,,,,,,,,,,,,,,,,,,,,
54,Russian Doll,97,87,"['Comedy-drama', 'Mystery']","['Natasha Lyonne', 'Leslye Headland', 'Amy Poehler']","['Natasha Lyonne', 'Greta Lee', 'Yul Vazquez', 'Charlie Barnett', 'Elizabeth Ashley']",,United States,English,1.0,8 ,"['Natasha Lyonne', 'Leslye Headland', 'Amy Poehler', 'Dave Becky', 'Tony Hernandez', 'Lilly Burns', 'Allison Silverman']",Chris Teague,"['Todd Downing', 'Laura Weinberg']",24–30 minutes,"['Universal Television', 'Paper Kite Productions', 'Jax Media', '3 Arts Entertainment', 'Avenue A', 'Shoot to Midnight']",NBCUniversal Television Distribution,Netflix,,,"February 1, 2019 (2019-02-01) –present (present)",24,present,,,,,,,,,,,,"['Kate Arend', 'John Skidmore', 'Ryan McCormick']",Joe Wong,,,,"['Leslye Headland', 'Jamie Babbit', 'Natasha Lyonne']",,,,,,,,,,,,,,,,,,,,,,,,,,,,,,,,,,,,,,,,,,,,,,,,,,,,,,
55,Lupin,97,78,"['Crime', 'Thriller', 'Mystery', 'Drama']",George KayFrançois Uzan,"['Omar Sy', 'Ludivine Sagnier', 'Clotilde Hesme', 'Vincent Londez']",,France,French,1.0,5,,Christophe NuyensMartial Schmeltz,Jean-Daniel Fernandez-QundezRichard MarizyAudrey Simonaud,42-52 minutes,,Netflix,Netflix,4K (UHDTV),5.1 surround sound,8 January 2021 (2021-01-08) –present,42,present,,,,,Arsène Lupinby Maurice Leblanc,,,,,Gaumont Television,,Isabelle DegeorgesNathan FranckMartin Jaubert,Mathieu Lamboley,,,George KayFrançois Uzan,"['Louis Leterrier', 'Marcela Said']",,,,,,,,,,,,,,,,,,,,,,,,,,,,,,,,,,,,,,,,,,,,,,,,,,,,,,
56,Nailed It!,98,76,Reality television,,"['Nicole Byer', 'Jacques Torres', 'Weston Bahr']",,United States,English,4.0,40 ,,,,32–36 minutes,,,Netflix,,,"March 9, 2018 (2018-03-09) –present",32,present,,,,,,,,,,Magical Elves,,,,,,,,,,,,,,,,,,,,,,,,,,,,,,,,,,,,,,,,,,,,,,,,,,,,,,,,,,,,,
57,Big Mouth,99,77,"['Coming-of-age', '']","['Andrew Goldberg', 'Nick Kroll', 'Mark Levin', 'Jennifer Flackett']",,,United States,English,4.0,41,"['Nick Kroll', 'Andrew Goldberg', 'Mark Levin', 'Jennifer Flackett', 'Blair Fetter', 'Kristen Zolner', 'Jane Wiseman']",,,25–46 minutes,"['Danger Goldberg Productions', 'Good at Bizness, Inc.', 'Fathouse Industries', 'Titmouse, Inc.']",Netflix Streaming Services,Netflix,,,"September 29, 2017 (2017-09-29) –present (present)",25,present,,,,,,,,,"""Changes""by Charles Bradley",,,"['Nate Funaro', 'Gil Ozeri', 'Kelly Galuska', 'Emily Altman', 'Victor Quinaz', 'Abe Forman-Greenwald']",Mark Rivers,Felipe Salazar,,,,,"['Nick Kroll', 'John Mulaney', 'Jessi Klein', 'Jason Mantzoukas', 'Jenny Slate', 'Fred Armisen', 'Maya Rudolph', 'Jordan Peele', 'Ayo Edebiri']",,,,,,,,,,,,,,,,,,,,,,,,,,,,,,,,,,,,,,,,,,,,,,,,,,,,
58,Lenox Hill,100,99,['Documentary'],,,,United States,English,1.0,9 ,"['Ruthie Shatz', 'Adi Barash', 'Josh Braun']","['Adi Barash', 'Bryant Fisher']","['Ruthie Shatz', 'Helen Yum', 'Akiko Iwakawa-Grieve']",48–53 minutes,"['Netflix Studios', 'Yulari Films']",Netflix,,,,"June 10, 2020 (2020-06-10)",48,06,,,,,,"['Ruthie Shatz', 'Adi Barash']",,,,,,,Uri Frost,,,,,,,,,,,,,,,,,,,,,,,,,,,,,,,,,,,,,,,,,,,,,,,,,,,,,,,,,,
59,Blood of Zeus,100,80,"['Fantasy', 'Adventure', 'Action']","['Charley Parlapanides', 'Vlas Parlapanides']",,,United States,English,1.0,8,"['Charley Parlapanides', 'Vlas Parlapanides', 'Brad Graeber']",,,25–37 minutes,"['Powerhouse Animation', 'Asia Minor Pictures']",,Netflix,HDTV 1080p,Stereo,"October 27, 2020 (2020-10-27) –present",25,present,,,,,,,,,,,,,,Shea Formaneck,,,Shaunt Nigoghossian,Paul Edward-Francis,"['Derek Phillips', ""Jason O'Mara"", 'Claudia Christian', 'Elias Toufexis']",,,,,,,,,,,,,,,,,,,,,,,,,,,,,,,,,,,,,,,,,,,,,,,,,,,,
60,Dirty Money,100,90,Documentary,,,,United States,English,2.0,12 ,"['Adam Del Deo', 'Yon Motskin', 'Lisa Nishimura', 'Stacey Offman', 'Jason Spingarn-Koff', 'Alex Gibney']",,,50–77 minutes,,Netflix,Netflix,,,"January 26, 2018 (2018-01-26) –present (present)",50,present,,,,,,,,,"""Lie, Cheat, Steal"" by Run the Jewels",Jigsaw Productions,,,,,,,,,,,,,,,,,,,,,,,,,,,,,,,,,,,,,,,,,,,,,,,,,,,,,,,,,,,,,
61,Immigration Nation,100,60,,,,,United States,English,1.0,6,,,,60–64 minutes,,Netflix,,,,"August 3, 2020 (2020-08-03)",60,08,,,,,,,,,,Reel Peak Films,,,,,,,"['Christina Clusiau', 'Shaul Schwarz']",,,,,,,,,,,,,,,,,,,,,,,,,,,,,,,,,,,,,,,,,,,,,,,,,,,,,,
62,Ugly Delicious,100,62,"['Cooking', 'Documentary', 'Travel']",,"['David Chang', 'Peter Meehan', 'Aziz Ansari', 'David Choe', 'Rene Redzepi']",,,English,2.0,12,Ben CotnerAdam Del Deo,,,45-55 minutes,,Netflix,Netflix,Digital (HDTV),,"February 23, 2018 (2018-02-23) –present (present)",45,present,,,,,,,,,,Tremolo Productions,,"['Morgan Neville', 'David Chang', 'Eddie Schmidt', 'Peter Meehan', 'Christopher Chen', 'Lisa Nishimura']",,,,,"['Eddie Schmidt', 'Jason Zeldes', 'Laura Gabbert', 'Morgan Neville']",,,,,,,,,,,,,,,,,,,,,,,,,,,,,,,,,,,,David Chang,Worldwide,,,,,,,,,,,,,,,,,
63,Dash & Lily,100,68,Romantic comedy,Joe Tracz,"['Austin Abrams', 'Midori Francis', 'Dante Brown', 'Troy Iwata']",,United States,English,1.0,8,"['Brad Silberling', 'Nick Jonas', 'Phil McIntyre', 'Shawn Levy', 'Josh Barry', 'Joe Tracz']",Eric Treml,"['Robert Nassau', 'Jane Rizzo', 'Joe Giganti']",23–27 minutes,"['21 Laps Entertainment', 'Boy Detective Inc.', 'Image 32']",,Netflix,,,"November 10, 2020 (2020-11-10)",23,11,,Karl Frankenfield,,,Dash & Lily's Book of Daresby Rachel Cohn & David Levithan,,,,,,,,,,,,,Dan the Automator,,,,,,,,,,,,,,,,,,,,,,,,,,,,,,,,,,,,,,,,,,,,,,,,,,,,,
64,Feel Good,100,91,,,"['Mae Martin', 'Charlotte Ritchie', 'Lisa Kudrow', 'Sophie Thompson', 'Phil Burgers']",,United Kingdom,English,,6 ,,,,,,,"['Channel 4', 'All 4', 'Netflix']",,,18 March 2020 (2020-03-18) –present (present),,present,,,,,,,,,,Objective Fiction,,,,,,"['Mae Martin', 'Joe Hampson']",,,,,1.0,,,,,,,,,,,,,,,,,,,,,,,,,,,,,,,,,,,,,,,,,,,,,,,,,,
65,The Baby-Sitters Club,100,79,Comedy-drama,Rachel Shukert,"['Sophie Grace', 'Momona Tamada', 'Shay Rudolph', 'Malia Baker', 'Alicia Silverstone', 'Mark Feuerstein', 'Xochitl Gomez']",,United States,English,1.0,10,"['Rachel Shukert', 'Lucia Aniello', 'Michael De Luca', 'Lucy Kitada', 'Frank Smith', 'Naia Cucukov', 'Benjamin Forrer']",Adam Silver,"['Joseph Ettinger', 'Jamie Gross', 'Janet Weinberg']",22–27 minutes,"['Terrible Baby Productions', 'Paulilu', 'Michael De Luca Productions', 'Walden Media']",Netflix,Netflix,,,"July 3, 2020 (2020-07-03) –present (present)",22,present,,,,,The Baby-Sitters Clubby Ann M. Martin,,,,,,,"['Meg Schave', 'Ann M. Martin', 'Lyle Friedman', 'Ashley Glazier']",,,,,,Jesse Novak,,,,,,,,,,,,,,,,,,,,,,,,,,,,,,,,,,,,,,,,,,,,,,,,,,,,,
66,Master of None,100,90,Comedy-drama,"['Aziz Ansari', 'Alan Yang']","['Aziz Ansari', 'Noël Wells', 'Eric Wareheim', 'Kelvin Yu', 'Lena Waithe', 'Alessandra Mastronardi']","['Didier Leplae', 'Joe Wong']",United States,English,2.0,20 ,"['Aziz Ansari', 'Alan Yang', 'Michael Schur', 'Dave Becky', 'David Miner']",Mark Schwartzbard,"['Jennifer Lilly', 'Suzy Elmiger', 'Daniel Haworth']",21–57 minutes,"['Alan Yang Pictures', 'Oh Brudder Productions', 'Fremulon', '3 Arts Entertainment', 'Universal Television']",Netflix,Netflix,4K (2.35:1 UHDTV),Dolby Digital 5.1 with Descriptive Video Service track,"November 6, 2015 (2015-11-06) –present",21,present,,Igor Srubshchik,,New York CityModena,,,,,,,,,,,Single-camera,,,,,,,,,,,,,,,,,,,,,,,,,,,,,,,,,,,,,,,,,,,,,,,,,,,,,,,,
