EmpID,First_Name,Last_Name,Middle_Name,Sex,Zip,State,DOB,MaritalStatusID
10026,Adinolfi,Wilson,K,M ,1960,MA,7/10/1983,0
10084,Ait,Sidi,Karthikeyan,M ,2148,MA,5/5/1975,1
10196,Akinkuolie,Sarah,,F,1810,MA,09/19/88,1
10088,Alagbe,Trina,,F,1886,MA,09/27/88,1
10069,Anderson,Carol,,F,2169,MA,9/8/1989,2
10002,Anderson,Linda,,F,1844,MA,05/22/77,0
10194,Andreola,Colby,,F,2110,MA,05/24/79,0
10062,Athwal,Sam,,M ,2199,MA,02/18/83,4
10114,Bachiochi,Linda,,F,1902,MA,2/11/1970,0
10250,Bacong,Alejandro,,M ,1886,MA,1/7/1988,2
10252,Baczenski,Rachael,,F,1902,MA,1/12/1974,1
10242,Barbara,Thomas,,M ,2062,MA,02/21/74,1
10012,Barbossa,Hector,,M ,78230,TX,7/4/1988,2
10265,Barone,Francesco,A,M ,1810,MA,07/20/83,0
10066,Barton,Nader,,M ,2747,MA,07/15/77,2
10061,Bates,Norman,,M ,2050,MA,10/18/81,0
10023,Beak,Kimberly,,F,2145,MA,04/17/66,1
10055,Beatrice,Courtney,,F,1915,MA,10/27/70,0
10245,Becker,Renee,,F,2026,MA,4/4/1986,0
10277,Becker,Scott,,M ,2452,MA,4/6/1979,0
10046,Bernstein,Sean,,M ,2072,MA,12/22/70,0
10226,Biden,Lowan,M,F,2027,MA,12/27/58,2
10003,Billis,Helen,,F,2031,MA,9/1/1989,1
10294,Blount,Dianna,,F,2171,MA,09/21/90,0
10267,Bondwell,Betsy,,F,2210,MA,01/16/67,0
10199,Booth,Frank,,M ,6033,CT,07/30/64,0
10081,Boutwell,Bonalyn,,F,2468,MA,4/4/1987,1
10175,Bozzi,Charles,,M ,1901,MA,3/10/1970,0
10177,Brill,Donna,,F,1701,MA,08/24/90,1
10238,Brown,Mia,,F,1450,MA,11/24/87,1
10184,Buccheri,Joseph,,M ,1013,MA,07/28/83,0
10203,Bugali,Josephine,,F,2043,MA,10/30/69,3
10188,Bunbury,Jessica,,F,21851,VA,6/1/1964,1
10107,Burke,Joelle,,F,2148,MA,3/2/1980,0
10181,Burkett,Benjamin,,M ,1890,MA,08/19/77,1
10150,Cady,Max,,M ,2184,MA,11/22/66,0
10001,Candie,Calvin,,M ,2169,MA,8/9/1983,0
10085,Carabbio,Judith,,F,2132,MA,4/5/1987,0
10115,Carey,Michael,,M ,1701,MA,2/2/1983,0
10082,Carr,Claudia,N,F,1886,MA,6/6/1986,0
10040,Carter,Michelle,,F,5664,VT,05/15/63,0
10067,Chace,Beatrice,,F,2763,MA,1/2/1951,0
10108,Champaigne,Brian,,M ,2045,MA,2/9/1972,1
10210,Chan,Lin,,F,2170,MA,2/12/1979,0
10154,Chang,Donovan,E,M ,1845,MA,08/24/83,0
10200,Chigurh,Anton,,M ,78207,TX,6/11/1970,0
10240,Chivukula,Enola,,F,1775,MA,08/27/83,0
10168,Cierpiszewski,Caroline,,F,2044,MA,05/31/88,0
10220,Clayton,Rick,,M ,2170,MA,9/5/1985,0
10275,Cloninger,Jennifer,,F,1752,MA,08/31/81,1
10269,Close,Phil,,M ,2169,MA,11/25/78,1
10029,Clukey,Elijian,,M ,2134,MA,08/26/80,1
10261,Cockel,James,,M ,2452,MA,9/8/1977,0
10292,Cole,Spencer,,M ,1880,MA,8/12/1979,0
10282,Corleone,Michael,,M ,1803,MA,12/17/75,2
10019,Corleone,Vito,,M ,2030,MA,03/19/83,0
10094,Cornett,Lisa,,F,2189,MA,03/31/77,1
10193,Costello,Frank,,M ,1810,MA,08/26/86,1
10132,Crimmings,Jean,,F,1821,MA,4/10/1987,0
10083,Cross,Noah,,M ,6278,CT,9/9/1965,0
10099,Daneault,Lynn,,F,5473,VT,04/19/90,0
10212,Daniele,Ann,,F,6033,CT,01/18/52,1
10056,Darson,Jene'ya,,F,2110,MA,11/5/1978,1
10143,Davis,Daniel,,M ,2458,MA,09/14/79,0
10311,Dee,Randy,,M ,2138,MA,04/15/88,1
10070,DeGweck,James,,M ,1810,MA,10/31/77,1
10155,Del,Bosque,Keyla,F,2176,MA,7/5/1979,0
10306,Delarge,Alex,,M ,36006,AL,11/2/1975,0
10100,Demita,Carla,,F,2343,MA,02/25/51,3
10310,Desimone,Carl,,M ,2061,MA,04/19/67,1
10197,DeVito,Tommy,,M ,2045,MA,9/4/1983,0
10276,Dickinson,Geoff,,M ,2180,MA,11/15/82,0
10304,Dietrich,Jenna,,F,98052,WA,05/14/87,0
10284,DiNocco,Lily,,F,2351,MA,12/2/1978,1
10207,Dobrin,Denisa,S,F,2125,MA,10/7/1986,0
10133,Dolan,Linda,,F,2119,MA,07/18/88,1
10028,Dougall,Eric,,M ,1886,MA,7/9/1970,0
10006,Driver,Elle,,F,90007,CA,11/8/1988,0
10105,Dunn,Amy,,F,1731,MA,11/28/73,0
10211,Dunne,Amy,,F,1749,MA,09/23/73,1
10064,Eaton,Marianne,,F,2343,MA,9/5/1991,1
10247,Engdahl,Jean,,M ,2026,MA,05/31/74,0
10235,England,Rex,,M ,2045,MA,08/25/78,1
10299,Erilus,Angela,,F,2133,MA,08/25/89,3
10280,Estremera,Miguel,,M ,2129,MA,9/2/1983,0
10296,Evensen,April,,F,2458,MA,5/6/1989,0
10290,Exantus,Susan,,F,1749,MA,05/15/87,1
10263,Faller,Megan,,F,1824,MA,09/22/78,1
10136,Fancett,Nicole,,F,2324,MA,09/27/87,0
10189,Ferguson,Susan,,F,2176,MA,04/14/55,1
10308,Fernandes,Nilson,,M ,2132,MA,10/18/89,1
10309,Fett,Boba,,M ,2138,MA,06/18/87,0
10049,Fidelia,Libby,,F,2155,MA,03/16/81,1
10093,Fitzpatrick,Michael,J,M ,2143,MA,10/1/1981,0
10163,Foreman,Tanya,,F,2170,MA,11/8/1983,1
10305,Forrest,Alex,,M ,2330,MA,7/7/1975,1
10015,Foss,Jason,,M ,1460,MA,7/5/1980,0
10080,Foster-Baker,Amy,,F,2050,MA,04/16/79,1
10258,Fraval,Maruk,,M ,6050,CT,08/28/63,0
10273,Galia,Lisa,,F,6040,CT,7/6/1968,0
10111,Garcia,Raul,,M ,1905,MA,09/15/85,0
10257,Gaul,Barbara,,F,2121,MA,12/2/1983,0
10159,Gentry,Mildred,,F,2145,MA,10/1/1990,1
10122,Gerke,Melisa,,F,2330,MA,05/15/70,2
10142,Gill,Whitney,,F,43050,OH,7/10/1971,4
10283,Gilles,Alex,,M ,2062,MA,8/9/1974,1
10018,Girifalco,Evelyn,,F,2451,MA,5/8/1980,0
10255,Givens,Myriam,,F,46204,IN,09/22/89,0
10246,Goble,Taisha,,F,2127,MA,10/23/71,0
10228,Goeth,Amon,,M ,2135,MA,11/24/89,1
10243,Gold,Shenice,,F,2451,MA,06/18/92,0
10031,Gonzalez,Cayo,,M ,2108,MA,09/29/69,2
10300,Gonzalez,Juan,,M ,2128,MA,10/12/1964,1
10101,Gonzalez,Maria,,F,2472,MA,04/16/81,3
10237,Good,Susan,,F,1886,MA,05/25/86,1
10051,Gordon,David,,M ,2169,MA,05/21/79,1
10218,Gosciminski,Phylicia,,F,1824,MA,12/8/1983,3
10256,Goyal,Roxana,,F,1864,MA,10/9/1974,1
10098,Gray,Elijiah,,M ,1752,MA,7/11/1981,2
10059,Gross,Paula,,F,2176,MA,05/21/83,2
10234,Gruber,Hans,,M ,2134,MA,06/30/89,1
10109,Guilianno,Mike,,M ,37129,TN,2/9/1969,0
10125,Handschiegl,Joanne,,F,2127,MA,03/23/77,1
10074,Hankard,Earnest,,M ,2155,MA,8/10/1988,0
10097,Harrington,Christie,,F,2324,MA,08/18/52,0
10007,Harrison,Kara,,F,1886,MA,5/2/1974,1
10129,Heitzman,Anthony,,M ,2149,MA,1/4/1984,0
10075,Hendrickson,Trina,,F,2021,MA,08/27/72,0
10167,Hitchcock,Alfred,,M ,3062,NH,09/14/88,1
10195,Homberger,Adrienne,J,F,2445,MA,02/16/84,1
10112,Horton,Jayne,,F,2493,MA,02/21/84,0
10272,Houlihan,Debra,,F,2908,RI,03/17/66,1
10182,Howard,Estelle,,F,2170,MA,09/16/85,1
10248,Hudson,Jane,,F,2176,MA,6/10/1986,0
10201,Hunts,Julissa,,F,2021,MA,3/11/1984,0
10214,Hutter,Rosalie,,F,2351,MA,5/7/1992,3
10160,Huynh,Ming,,F,1742,MA,09/22/76,2
10289,Immediato,Walter,,M ,2128,MA,11/15/76,1
10139,Ivey,Rose,,F,1775,MA,01/28/91,0
10227,Jackson,Maryellen,,F,2081,MA,9/11/1972,0
10236,Jacobi,Hannah,,F,1778,MA,03/22/66,2
10009,Jeannite,Tayana,,F,1821,MA,11/6/1986,2
10060,Jhaveri,Sneha,,F,2109,MA,04/13/64,3
10034,Johnson,George,,M ,2445,MA,08/19/59,1
10156,Johnson,Noelle,,F,2301,MA,11/7/1986,1
10036,Johnston,Yen,,F,2128,MA,9/8/1969,0
10138,Jung,Judy,,F,2446,MA,04/17/86,1
10244,Kampew,Donysha,,F,19444,PA,11/11/1989,0
10192,Keatts,Kramer,,M ,1887,MA,01/19/76,0
10231,Khemmich,Bartholemew,,M ,80820,CO,11/27/79,0
10089,King,Janet,,F,1902,MA,09/21/54,1
10166,Kinsella,Kathleen,,F,2170,MA,12/8/1973,1
10170,Kirill,Alexandra,,F,2127,MA,10/8/1970,1
10208,Knapp,Bradley,J,M ,1721,MA,11/10/1977,0
10176,Kretschmer,John,,M ,1801,MA,2/2/1980,1
10165,Kreuger,Freddy,,M ,10171,NY,02/24/69,0
10113,Lajiri,Jyoti,,M ,2169,MA,04/23/86,1
10092,Landa,Hans,,M ,1890,MA,7/1/1972,1
10106,Langford,Lindsey,,F,2090,MA,07/25/79,2
10052,Langton,Enrico,,M ,2048,MA,12/9/1986,1
10038,LaRotonda,William,,M ,1460,MA,04/26/84,2
10249,Latif,Mohammed,,M ,2126,MA,5/9/1984,1
10232,Le,Binh,,F,1886,MA,06/14/87,0
10087,Leach,Dallas,,F,1810,MA,01/17/79,0
10134,LeBlanc,Brandon,R,M ,1460,MA,6/10/1984,1
10251,Lecter,Hannibal,,M ,1776,MA,9/2/1982,1
10103,Leruth,Giovanni,,M ,84111,UT,12/27/88,3
10017,Liebig,Ketsia,,F,2110,MA,10/26/81,1
10186,Linares,Marilyn,,F,1886,MA,03/26/81,1
10137,Linden,Mathew,,M ,1770,MA,03/19/79,1
10008,Lindsay,Leonara,,F,6070,CT,10/5/1988,0
10096,Lundy,Susan,,F,2122,MA,12/26/76,4
10035,Lunquist,Lisa,,F,2324,MA,03/28/82,0
10057,Lydon,Allison,,F,2122,MA,10/22/75,1
10004,Lynch,Lindsay,,F,1844,MA,02/14/73,0
10191,MacLennan,Samuel,,M ,1938,MA,11/9/1972,4
10219,Mahoney,Lauren,,F,2189,MA,7/7/1986,0
10077,Manchester,Robyn,,F,2324,MA,08/25/76,1
10073,Mancuso,Karen,,F,2176,MA,12/10/1986,1
10279,Mangal,Debbie,,F,2451,MA,11/7/1974,1
10110,Martin,Sandra,,F,2135,MA,11/7/1987,0
10053,Maurice,Shana,,F,2330,MA,11/22/77,1
10076,Carthy,B'rigit,,F,2149,MA,05/21/87,0
10145,Mckenna,Sandy,,F,2184,MA,1/7/1987,1
10202,McKinzie,Jac,,M ,78789,TX,7/1/1984,1
10128,Meads,Elizabeth,,F,1760,MA,05/30/68,0
10068,Medeiros,Jennifer,,F,2346,MA,09/22/76,0
10116,Miller,Brannon,,M ,2045,MA,8/10/1981,0
10298,Miller,Ned,,M ,2472,MA,06/29/85,0
10213,Monkfish,Erasumus,,M ,1450,MA,08/17/92,1
10288,Monroe,Peter,,M ,2134,MA,10/5/1986,1
10025,Monterro,Luisa,,F,2126,MA,04/24/70,0
10223,Moran,Patrick,,M ,2127,MA,12/3/1976,0
10151,Morway,Tanya,,F,2048,MA,4/4/1979,1
10254,Motlagh,Dawn,,F,2453,MA,7/7/1984,2
10120,Moumanil,Maliki,,M ,1460,MA,12/1/1974,3
10216,Myers,Michael,,M ,1550,MA,04/18/80,0
10079,Navathe,Kurt,,M ,2056,MA,04/25/70,0
10215,Ndzi,Colombui,,M ,2110,MA,5/2/1989,0
10185,Ndzi,Horia,,M ,2421,MA,03/28/83,1
10063,Newman,Richard,,M ,2136,MA,4/8/1977,1
10037,Ngodup,Shari,,F,1810,MA,6/3/1967,3
10042,Nguyen,Dheepa,,F,30428,GA,03/31/89,0
10206,Nguyen,Lei-Ming,,F,2132,MA,7/7/1984,0
10104,Nowlan,Kristie,,F,1040,MA,11/23/85,0
10303,O'hare,Lynn,,F,2152,MA,09/30/80,0
10078,Oliver,Brooke,,F,2492,MA,2/11/1952,1
10121,Onque,Jasmine,,F,33174,FL,5/11/1990,0
10021,Osturnka,Adeel,,M ,2478,MA,12/11/1976,1
10281,Owad,Clinton,,M ,1760,MA,11/24/79,0
10041,Ozark,Travis,,M ,27229,NC,05/19/82,0
10148,Panjwani,Nina,,F,2351,MA,5/1/1979,1
10005,Patronick,Lucas,,M ,1844,MA,02/20/79,0
10259,Pearson,Randall,,M ,2747,MA,9/5/1984,1
10286,Smith,Martin,,M ,2458,MA,03/17/88,0
10297,Pelletier,Ermine,,F,2472,MA,07/18/89,1
10171,Perry,Shakira,,F,2176,MA,07/20/86,0
10032,Peters,Lauren,,F,1886,MA,08/17/86,1
10130,Peterson,Ebonee,,F,2030,MA,5/9/1977,1
10217,Petingill,Shana,,F,2050,MA,3/10/1979,1
10016,Petrowsky,Thelma,,F,1886,MA,09/16/84,1
10050,Pham,Hong,,M ,2451,MA,3/6/1988,1
10164,Pitt,Brad,,M ,2451,MA,11/23/81,0
10124,Potts,Xana,,F,40220,KY,08/29/88,1
10187,Power,Morissa,,F,1742,MA,10/15/84,2
10225,Punjabhi,Louis,,M ,2109,MA,06/19/61,0
10262,Purinton,Janine,,F,2474,MA,09/22/70,2
10131,Quinn,Sean,,M ,2045,MA,11/6/1984,1
10239,Rachael,Maggie,,F,2110,MA,5/12/1980,1
10152,Rarrick,Quinn,,M ,2478,MA,12/31/84,2
10140,Ren,Kylo,,M ,83706,ID,10/12/1954,1
10058,Rhoads,Thomas,,M ,2176,MA,07/22/82,2
10011,Rivera,Haley,,F,2171,MA,1/12/1973,1
10230,Roberson,May,,F,1902,MA,9/5/1981,2
10224,Robertson,Peter,,M ,2138,MA,7/3/1972,1
10047,Robinson,Alain,,M ,1420,MA,1/7/1974,1
10285,Robinson,Cherly,,F,1460,MA,1/7/1985,1
10020,Robinson,Elias,,M ,1730,MA,01/28/85,4
10162,Roby,Lori,,F,1886,MA,10/11/1981,1
10149,Roehrich,Bianca,,F,2703,MA,05/27/73,0
10086,Roper,Katie,,F,2056,MA,11/21/72,0
10054,Rose,Ashley,,F,1886,MA,12/5/1974,3
10065,Rossetti,Bruno,,M ,2155,MA,03/18/87,0
10198,Roup,Simon,,M ,2481,MA,4/5/1973,0
10222,Ruiz,Ricardo,,M ,1915,MA,1/4/1964,2
10126,Saada,Adell,,F,2132,MA,07/24/86,1
10295,Saar-Beckles,Melinda,,F,1801,MA,6/6/1968,0
10260,Sadki,Nore,,M ,2148,MA,12/21/74,0
10233,Sahoo,Adil,,M ,2062,MA,04/26/86,1
10229,Salter,Jason,,M ,2452,MA,12/17/87,2
10169,Sander,Kamrin,,F,2154,MA,7/10/1988,1
10071,Sewkumar,Nori,,F,2191,MA,3/10/1975,0
10179,Shepard,Anita,,F,1773,MA,04/14/81,1
10091,Shields,Seffi,,F,2149,MA,08/24/85,1
10178,Simard,Kramer,,M ,2110,MA,2/8/1970,1
10039,Singh,Nan,,F,2330,MA,05/19/88,0
10095,Sloan,Constance,,F,1851,MA,11/25/87,0
10027,Smith,Joe,,M ,2045,MA,10/30/63,0
10291,Smith,John,,M ,1886,MA,08/16/84,2
10153,Smith,Leigh,Ann,F,1844,MA,06/14/87,1
10157,Smith,Sade,,F,2130,MA,2/2/1965,0
10119,Soto,Julia,,F,2360,MA,3/12/1973,1
10180,Soze,Keyser,,M ,1545,MA,2/9/1983,1
10302,Sparks,Taylor,,F,2093,MA,07/20/68,1
10090,Spirea,Kelley,,F,2451,MA,09/30/75,1
10030,Squatrito,Kristen,,F,2359,MA,03/26/73,2
10278,Stanford,Barbara,M,F,2050,MA,08/25/82,2
10307,Stansfield,Norman,,M ,89139,NV,5/9/1974,1
10147,Steans,Tyrone,,M ,2703,MA,9/1/1986,0
10266,Stoica,Rick,,M ,2301,MA,03/14/85,1
10241,Strong,Caitrin,,F,59102,MT,5/12/1989,1
10158,Sullivan,Kissy,,F,1776,MA,03/28/78,1
10117,Sullivan,Timothy,,M ,2747,MA,10/7/1982,1
10209,Sutwell,Barbara,,F,2718,MA,08/15/68,0
10024,Szabo,Andrew,,M ,2140,MA,5/6/1983,0
10173,Tannen,Biff,,M ,2134,MA,10/24/87,1
10221,Tavares,Desiree,,F,1801,MA,4/3/1975,1
10146,Tejeda,Lenora,,F,2129,MA,05/24/53,1
10161,Terry,Sharlene,,F,97756,OR,5/7/1965,0
10141,Theamstern,Sophia,,F,2066,MA,5/9/1965,0
10268,Thibaud,Kenneth,,M ,2472,MA,09/16/75,4
10123,Tippett,Jeanette,,F,2093,MA,6/5/1967,2
10013,Torrence,Jack,,M ,58782,ND,01/15/68,3
10287,Trang,Mei,,F,2021,MA,05/16/83,0
10044,Tredinnick,Neville,,M ,1420,MA,5/5/1988,1
10102,TRUE,Edward,,M ,2451,MA,06/14/83,0
10270,Trzeciak,Cybil,,F,1778,MA,03/15/85,0
10045,Turpin,Jumil,,M ,2343,MA,03/31/69,1
10205,Valentin,Jackie,,F,85006,AZ,05/23/91,1
10014,Veera,Abdellah,,M ,2171,MA,01/31/87,2
10144,Vega,Vincent,,M ,2169,MA,10/10/1968,2
10253,Villanueva,Noah,,M ,4063,ME,7/11/1989,0
10118,Voldemort,Lord,,M ,1960,MA,8/7/1986,1
10022,Volk,Colleen,,F,2747,MA,6/3/1986,1
10183,Von,Massenbach,Anna,F,2124,MA,4/6/1985,0
10190,Walker,Roger,,M ,2459,MA,2/10/1976,0
10274,Wallace,Courtney,E,F,2478,MA,11/14/55,1
10293,Wallace,Theresa,,F,1887,MA,8/2/1980,0
10172,Wang,Charlie,,M ,1887,MA,7/8/1981,0
10127,Warfield,Sarah,,F,2453,MA,5/2/1978,4
10072,Whittier,Scott,,M ,2030,MA,05/24/87,0
10048,Wilber,Barry,,M ,2324,MA,9/9/1965,1
10204,Wilkes,Annie,,F,1876,MA,07/30/83,2
10264,Williams,Jacquelyn,,F,2109,MA,10/2/1969,0
10033,Winthrop,Jordan,,M ,2045,MA,11/7/1958,0
10174,Wolk,Hang,T,F,2302,MA,04/20/85,0
10135,Woodson,Jason,,M ,1810,MA,5/11/1985,0
10301,Ybarra,Catherine,,F,2458,MA,5/4/1982,0
10010,Zamora,Jennifer,,F,2067,MA,08/30/79,0
10043,Zhou,Julia,,F,2148,MA,02/24/79,0
10271,Zima,Colleen,,F,1730,MA,08/17/78,4
